rom_wrong_name;rom_official_name;alt_rom_official_name
The Battle of Midway (Euro);1943;1943
Midway Kaisen (Japan, Rev B);1943j;1943
Midway Kaisen (Japan);1943ja;1943
Midway Kaisen (Japan);1943kai;1943 Kai
The Battle of Midway Mark II (US);1943mii;1943
The Battle of Midway (US, Rev C);1943u;1943
The Battle of Midway (US);1943ua;1943
The War Against Destiny (Euro 960104);19xx;19XX
The War Against Destiny (Asia 960104);19xxa;19XX
The War Against Destiny (Asia 951207);19xxar1;19XX
The War Against Destiny (Brazil 951218);19xxb;19XX
The War Against Destiny (Hispanic 951218);19xxh;19XX
The War Against Destiny (Japan 960104, yellow case);19xxj;19XX
The War Against Destiny (Japan 951225);19xxjr1;19XX
The War Against Destiny (Japan 951207);19xxjr2;19XX
The War Against Destiny (USA 951207);19xxu;19XX
;3countb;3 Count Bout / Fire Suplex (NGM-043 ~ NGH-043)
;aerofgts;Aero Fighters Special (USA)
;aerofgtst;Aero Fighters Special (Taiwan)
;aodk;Aggressors of Dark Kombat / Tsuukai GANGAN Koushinkyoku (ADM-008 ~ ADH-008)
;aof;Art of Fighting / Ryuuko no Ken (NGM-044 ~ NGH-044)
;aof2;Art of Fighting 2 / Ryuuko no Ken 2 (NGM-056)
;aof2a;Art of Fighting 2 / Ryuuko no Ken 2 (NGH-056)
;aof3;Art of Fighting 3 - The Path of the Warrior / Art of Fighting - Ryuuko no Ken Gaiden
;aof3k;Art of Fighting 3 - The Path of the Warrior (Korean release)
;armwar;Armored Warriors (Euro 941024)
;armwara;Armored Warriors (Asia 941024)
;armwarar1;Armored Warriors (Asia 940920)
;armwarr1;Armored Warriors (Euro 941011)
;armwaru;Armored Warriors (USA 941024)
;armwaru1;Armored Warriors (USA 940920)
;asterix;Asterix (ver EAD)
;asterixaad;Asterix (ver AAD)
;asterixeaa;Asterix (ver EAA)
;asterixeac;Asterix (ver EAC)
;asterixj;Asterix (ver JAD)
;asurabld;Asura Blade - Sword of Dynasty (Japan)
;asurabus;Asura Buster - Eternal Warriors (USA)
;asurabusj;Asura Buster - Eternal Warriors (Japan, set 1)
;asurabusja;Asura Buster - Eternal Warriors (Japan, set 2)
;asurabusjr;Asura Buster - Eternal Warriors (Japan) (ARCADIA review build)
;avengrgs;Avengers In Galactic Storm (US/Europe 1.0)
;avengrgsj;Avengers In Galactic Storm (Japan 1.2)
;avsp;Alien vs. Predator (Euro 940520)
;avspa;Alien vs. Predator (Asia 940520)
;avsph;Alien vs. Predator (Hispanic 940520)
;avspj;Alien vs. Predator (Japan 940520)
;avspu;Alien vs. Predator (USA 940520)
;beastrzr;Beastorizer (USA, Sep 22 1997)
;beastrzra;Beastorizer (USA, Jun 21 1997)
;blazstar;Blazing Star
;bldyroar;Bloody Roar (Japan, Jun 21 1997)
;bldyror2;Bloody Roar 2 (World)
;bldyror2a;Bloody Roar 2 (Asia)
;bldyror2j;Bloody Roar 2 (Japan)
;bldyror2u;Bloody Roar 2 (USA)
;bloodstm;Blood Storm (v2.22)
;bloodstm10;Blood Storm (v1.04)
;bloodstm11;Blood Storm (v1.10)
;bloodstm21;Blood Storm (v2.10)
;bloodstm22;Blood Storm (v2.20)
;breakers;Breakers
;breakrev;Breakers Revenge
;brival;Burning Rival (World)
;brivalj;Burning Rival (Japan)
Millennium Fight 2000 (Rev C);capsnk;Capcom Vs. SNK
Millennium Fight 2000 (Rev A);capsnka;Capcom Vs. SNK
Millennium Fight 2000;capsnkb;Capcom Vs. SNK
;crusnusa;'Cruis''n USA (v4.5)'
;crusnusa11;'Cruis''n USA (v1.1)'
;crusnusa20;'Cruis''n USA (v2.0)'
;crusnusa21;'Cruis''n USA (v2.1)'
;crusnusa40;'Cruis''n USA (v4.0)'
;crusnusa41;'Cruis''n USA (v4.1)'
;crusnusa44;'Cruis''n USA (v4.4)'
;crusnwld;'Cruis''n World (v2.5)'
;crusnwld13;'Cruis''n World (v1.3)'
;crusnwld17;'Cruis''n World (v1.7)'
;crusnwld19;'Cruis''n World (v1.9)'
;crusnwld20;'Cruis''n World (v2.0)'
;crusnwld23;'Cruis''n World (v2.3)'
;crusnwld24;'Cruis''n World (v2.4)'
Mark Of The Millennium 2001 (USA) (GDL-0008);cvs2;Capcom Vs. SNK 2
Millionaire Fighting 2001 (Japan, Rev A) (GDL-0007A);cvs2mf;Capcom Vs. SNK 2
Millennium Fight 2000 Pro (Japan) (GDL-0004);cvsgd;Capcom Vs. SNK
Fullmetal Madness (Euro 950424);cybots;Cyberbots
Fullmetal Madness (Japan 950420);cybotsj;Cyberbots
Fullmetal Madness (USA 950424);cybotsu;Cyberbots
;dankuga;Dan-Ku-Ga (Ver 0.0J 1994/12/13, prototype)
;daraku;The Fallen Angels (World) / Daraku Tenshi - The Fallen Angels (Japan)
;dbz;Dragon Ball Z (rev B)
;dbz2;Dragon Ball Z 2 - Super Battle
;dbza;Dragon Ball Z (rev A)
;dino;Cadillacs and Dinosaurs (World 930201)
;dinoa;Cadillacs and Dinosaurs (Asia TW 930223)
Kyouryuu Shin Seiki (Japan 930201);dinoj;Cadillacs
;dinou;Cadillacs and Dinosaurs (USA 930201)
;doapp;Dead Or Alive ++ (Japan/USA/Export)
;doappk;Dead Or Alive ++ (Korea)
;doubledr;Double Dragon (Neo-Geo)
;dragoona;Dragoon Might (ver AAB)
;dragoonj;Dragoon Might (ver JAA)
The Night Warriors (Euro 940705);dstlk;Darkstalkers
The Night Warriors (Asia 940705);dstlka;Darkstalkers
The Night Warriors (Hispanic 940818);dstlkh;Darkstalkers
The Night Warriors (USA 940818);dstlku;Darkstalkers
The Night Warriors (USA 940705);dstlkur1;Darkstalkers
;ehrgeiz;Ehrgeiz (World, EG2/VER.A)
;ehrgeizja;Ehrgeiz (Japan, EG1/VER.A)
;ehrgeizua;Ehrgeiz (US, EG3/VER.A)
;fatfursp;Fatal Fury Special / Garou Densetsu Special (NGM-058 ~ NGH-058, set 1)
;fatfurspa;Fatal Fury Special / Garou Densetsu Special (NGM-058 ~ NGH-058, set 2)
Wild Ambition / Garou Densetsu;fatfurwa;Fatal Fury
;fatfury1;Fatal Fury - King of Fighters / Garou Densetsu - Shukumei no Tatakai (NGM-033 ~ NGH-033)
;fatfury2;Fatal Fury 2 / Garou Densetsu 2 - Arata-naru Tatakai (NGM-047 ~ NGH-047)
;fatfury3;Fatal Fury 3 - Road to the Final Victory / Garou Densetsu 3 - Haruka-naru Tatakai (NGM-069 ~ NGH-069)
;ffight;Final Fight (World, set 1)
;ffighta;Final Fight (World, set 2)
;ffightj;Final Fight (Japan)
;ffightj1;Final Fight (Japan 900112)
;ffightj2;Final Fight (Japan 900305)
;ffightj3;Final Fight (Japan 900405)
;ffightj4;Final Fight (Japan 900613)
;ffightu;Final Fight (USA, set 1)
;ffightu1;Final Fight (USA, set 2)
;ffightua;Final Fight (USA 900112)
;ffightub;Final Fight (USA 900424)
;ffightuc;Final Fight (USA 900613)
;ffreveng;Final Fight Revenge / Final Revenge (JUET 990930 V1.100)
;ffrevng10;Final Fight Revenge / Final Revenge (JUET 990714 V1.000)
;fghthist;'Fighter''s History (World ver 43-09, DE-0395-1 PCB)'
;fghthista;'Fighter''s History (World ver 43-07, DE-0380-2 PCB)'
;fghthistb;'Fighter''s History (World ver 43-05, DE-0380-2 PCB)'
;fghthistj;'Fighter''s History (Japan ver 41-07, DE-0395-1 PCB)'
;fghthistja;'Fighter''s History (Japan ver 41-05, DE-0380-2 PCB)'
;fghthistjb;'Fighter''s History (Japan ver 41-04, DE-0380-1 PCB)'
;fghthistu;'Fighter''s History (US ver 42-09, DE-0396-0 PCB)'
;fghthistua;'Fighter''s History (US ver 42-06, DE-0395-1 PCB)'
;fghthistub;'Fighter''s History (US ver 42-05, DE-0395-1 PCB)'
;fghthistuc;'Fighter''s History (US ver 42-03, DE-0380-2 PCB)'
;fgtlayer;Fighting Layer (FTL3/VER.A)
;fightfev;Fight Fever / Wang Jung Wang (set 1)
;fightfeva;Fight Fever / Wang Jung Wang (set 2)
;fswords;Fighters Swords (Korean release of Samurai Shodown III)
The Revenge of Death Adder (World, Rev B);ga2;Golden Axe
The Revenge of Death Adder (Japan);ga2j;Golden Axe
The Revenge of Death Adder (US, Rev A);ga2u;Golden Axe
;galaxyfg;Galaxy Fight - Universal Warriors
;garou;Garou - Mark of the Wolves (NGM-2530)
;garouh;Garou - Mark of the Wolves (NGM-2530 ~ NGH-2530)
;garouha;Garou - Mark of the Wolves (NGH-2530)
;garoup;Garou - Mark of the Wolves (prototype)
;gaxeduel;Golden Axe - The Duel (JUETL 950117 V1.000)
;gblchmp;Global Champion (Ver 2.1A 1994/07/29)
;gowcaizr;Voltage Fighter - Gowcaizer / Choujin Gakuen Gowcaizer
;groovef;Groove on Fight - Gouketsuji Ichizoku 3 (J 970416 V1.001)
;holo;Holosseum (US, Rev A)
The Anniversary Edition (USA 040202);hsf2;Hyper Street Fighter II
The Anniversary Edition (Asia 040202);hsf2a;Hyper Street Fighter II
The Anniversary Edition (Japan 040202);hsf2j;Hyper Street Fighter II
The Anniversary Edition (Japan 031222);hsf2j1;Hyper Street Fighter II
;hvnsgate;'Heaven''s Gate'
;jchan2;Jackie Chan in Fists of Fire
Legion of Heroes (Japan 971216);jgakuen;Shiritsu Justice Gakuen
Legion of Heroes (Japan 971117);jgakuen1;Shiritsu Justice Gakuen
;jojo;'JoJo''s Venture (Euro 990128)'
;jojoa;'JoJo''s Venture (Asia 990128)'
;jojoar1;'JoJo''s Venture (Asia 990108)'
;jojoar2;'JoJo''s Venture (Asia 981202)'
;jojoba;'JoJo''s Bizarre Adventure (Euro 990927)'
Mirai e no Isan (Japan 990927);jojobaj;JoJo no Kimyou na Bouken
Mirai e no Isan (Japan 990913);jojobajr1;JoJo no Kimyou na Bouken
Mirai e no Isan (Japan 990927, NO CD);jojoban;JoJo no Kimyou na Bouken
;jojobane;'JoJo''s Bizarre Adventure (Euro 990927, NO CD)'
;jojobaner1;'JoJo''s Bizarre Adventure (Euro 990913, NO CD)'
Mirai e no Isan (Japan 990913, NO CD);jojobanr1;JoJo no Kimyou na Bouken
;jojobar1;'JoJo''s Bizarre Adventure (Euro 990913)'
;jojoj;JoJo no Kimyou na Bouken (Japan 990128)
;jojojr1;JoJo no Kimyou na Bouken (Japan 990108)
;jojojr2;JoJo no Kimyou na Bouken (Japan 981202)
;jojon;'JoJo''s Venture (Asia 990128, NO CD)'
;jojonr1;'JoJo''s Venture (Asia 990108, NO CD)'
;jojonr2;'JoJo''s Venture (Asia 981202, NO CD)'
;jojor1;'JoJo''s Venture (Euro 990108)'
;jojor2;'JoJo''s Venture (Euro 981202)'
;jojou;'JoJo''s Venture (USA 990128)'
;jojour1;'JoJo''s Venture (USA 990108)'
;jojour2;'JoJo''s Venture (USA 981202)'
;kabukikl;Far East of Eden - Kabuki Klash / Tengai Makyou - Shin Den
;kaiserkn;Kaiser Knuckle (Ver 2.1O 1994/07/29)
;kaiserknj;Kaiser Knuckle (Ver 2.1J 1994/07/29)
;karatedo;Karate Dou (Japan)
;karatevs;Taisen Karate Dou (Japan VS version)
;karatour;The Karate Tournament
;karatourj;Chatan Yara Kuushanku - The Karate Tournament (Japan)
;karnovr;'Karnov''s Revenge / Fighter''s History Dynamite'
;kchamp;Karate Champ (US)
;kchampvs;Karate Champ (US VS version, set 1)
;kchampvs2;Karate Champ (US VS version, set 2)
;kchampvs3;Karate Champ (US VS version, set 3)
;kchampvs4;Karate Champ (US VS version, set 4)
;kf2k3pcb;The King of Fighters 2003 (Japan, JAMMA PCB)
;killbld;The Killing Blade / Ao Jian Kuang Dao (ver. 109, Chinese Board)
;killbld100;The Killing Blade / Ao Jian Kuang Dao (ver. 100)
;killbld104;The Killing Blade / Ao Jian Kuang Dao (ver. 104)
;killbld106;The Killing Blade / Ao Jian Kuang Dao (ver. 106)
;kinst;Killer Instinct
;kinst2;Killer Instinct 2
;kinst2uk;Killer Instinct 2 (upgrade kit)
;kizuna;'Kizuna Encounter - Super Tag Battle / Fu''un Super Tag Battle'
;kizuna4p;'Kizuna Encounter - Super Tag Battle 4 Way Battle Version / Fu''un Super Tag Battle Special Version'
;kof2000;The King of Fighters 2000 (NGM-2570 ~ NGH-2570)
;kof2000n;The King of Fighters 2000 (not encrypted)
;kof2001;The King of Fighters 2001 (NGM-262?)
;kof2001h;The King of Fighters 2001 (NGH-2621)
;kof2002;The King of Fighters 2002 (NGM-2650 ~ NGH-2650)
;kof2003;The King of Fighters 2003 (NGM-2710, Export)
;kof2003h;The King of Fighters 2003 (NGH-2710)
;kof94;'The King of Fighters ''94 (NGM-055 ~ NGH-055)'
;kof95;'The King of Fighters ''95 (NGM-084)'
;kof95a;'The King of Fighters ''95 (NGM-084, alt board)'
;kof95h;'The King of Fighters ''95 (NGH-084)'
;kof96;'The King of Fighters ''96 (NGM-214)'
;kof96h;'The King of Fighters ''96 (NGH-214)'
;kof97;'The King of Fighters ''97 (NGM-2320)'
;kof97h;'The King of Fighters ''97 (NGH-2320)'
;kof97k;'The King of Fighters ''97 (Korean release)'
;kof98;'The King of Fighters ''98 - The Slugfest / King of Fighters ''98 - Dream Match Never Ends (NGM-2420)'
;kof98a;'The King of Fighters ''98 - The Slugfest / King of Fighters ''98 - Dream Match Never Ends (NGM-2420, alt board)'
;kof98h;'The King of Fighters ''98 - The Slugfest / King of Fighters ''98 - Dream Match Never Ends (NGH-2420)'
;kof98k;'The King of Fighters ''98 - The Slugfest / King of Fighters ''98 - Dream Match Never Ends (Korean board, set 1)'
;kof98ka;'The King of Fighters ''98 - The Slugfest / King of Fighters ''98 - Dream Match Never Ends (Korean board, set 2)'
Ultimate Match (v1.00);kof98um;'The King of Fighters ''98'
Ultimate Match HERO (China, V100, 09-08-23);kof98umh;'The King of Fighters ''98'
;kof99;'The King of Fighters ''99 - Millennium Battle (NGM-2510)'
;kof99e;'The King of Fighters ''99 - Millennium Battle (earlier)'
;kof99h;'The King of Fighters ''99 - Millennium Battle (NGH-2510)'
;kof99k;'The King of Fighters ''99 - Millennium Battle (Korean release)'
;kof99ka;'The King of Fighters ''99 - Millennium Battle (Korean release, non-encrypted program)'
;kof99p;'The King of Fighters ''99 - Millennium Battle (prototype)'
;lastblad;The Last Blade / Bakumatsu Roman - Gekka no Kenshi (NGM-2340)
;lastbladh;The Last Blade / Bakumatsu Roman - Gekka no Kenshi (NGH-2340)
;lastbld2;The Last Blade 2 / Bakumatsu Roman - Dai Ni Maku Gekka no Kenshi (NGM-2430 ~ NGH-2430)
;lastsold;The Last Soldier (Korean release of The Last Blade)
The Dark Age (boot ROM 1.0ce, HDD 1.0b);mace;Mace
The Dark Age (HDD 1.0a);macea;Mace
;martmast;Martial Masters / Xing Yi Quan (ver. 104, 102, 102US)
;martmast102c;Martial Masters / Xing Yi Quan (ver. 102, 101, 101CN)
;martmast103c;Martial Masters / Xing Yi Quan (ver. 103, 102, 101CN)
;martmast104c;Martial Masters / Xing Yi Quan (ver. 104, 102, 101CN)
;martmasttw;Martial Masters / Xing Yi Quan (ver. 102, 101, 101TW)
;matrim;Matrimelee / Shin Gouketsuji Ichizoku Toukon (NGM-2660 ~ NGH-2660)
The Body Explosion (Japan 930713);mbomberj;Muscle Bomber
Ultimate Team Battle (World 931206);mbombrd;Muscle Bomber Duo
Heat Up Warriors (Japan 931206);mbombrdj;Muscle Bomber Duo
;mk;Mortal Kombat (rev 5.0 T-Unit 03/19/93)
;mk2;Mortal Kombat II (rev L3.1)
;mk2r11;Mortal Kombat II (rev L1.1)
;mk2r14;Mortal Kombat II (rev L1.4)
;mk2r20;Mortal Kombat II (rev L2.0)
;mk2r21;Mortal Kombat II (rev L2.1)
;mk2r30;Mortal Kombat II (rev L3.0)
;mk2r31e;Mortal Kombat II (rev L3.1, European)
;mk2r32e;Mortal Kombat II (rev L3.2, European)
;mk3;Mortal Kombat 3 (rev 2.1)
;mk3p40;Mortal Kombat 3 (rev 1 chip label p4.0)
;mk3r10;Mortal Kombat 3 (rev 1.0)
;mk3r20;Mortal Kombat 3 (rev 2.0)
;mk4;Mortal Kombat 4 (version 3.0)
;mk4a;Mortal Kombat 4 (version 2.1)
;mk4b;Mortal Kombat 4 (version 1.0)
;mkla1;Mortal Kombat (rev 1.0 08/09/92)
;mkla2;Mortal Kombat (rev 2.0 08/18/92)
;mkla3;Mortal Kombat (rev 3.0 08/31/92)
;mkla4;Mortal Kombat (rev 4.0 09/28/92)
;mkprot4;Mortal Kombat (prototype, rev 4.0 07/14/92)
;mkprot8;Mortal Kombat (prototype, rev 8.0 07/21/92)
;mkprot9;Mortal Kombat (prototype, rev 9.0 07/28/92)
;mkr4;Mortal Kombat (rev 4.0 T-Unit 02/11/93)
;ms5pcb;Metal Slug 5 (JAMMA PCB)
;msh;Marvel Super Heroes (Euro 951024)
;msha;Marvel Super Heroes (Asia 951024)
;mshb;Marvel Super Heroes (Brazil 951117)
;mshbr1;Marvel Super Heroes (Brazil 951024)
;mshh;Marvel Super Heroes (Hispanic 951117)
;mshj;Marvel Super Heroes (Japan 951117)
;mshjr1;Marvel Super Heroes (Japan 951024)
;mshu;Marvel Super Heroes (USA 951024)
;mshvsf;Marvel Super Heroes Vs. Street Fighter (Euro 970625)
;mshvsfa;Marvel Super Heroes Vs. Street Fighter (Asia 970625)
;mshvsfa1;Marvel Super Heroes Vs. Street Fighter (Asia 970620)
;mshvsfb;Marvel Super Heroes Vs. Street Fighter (Brazil 970827)
;mshvsfb1;Marvel Super Heroes Vs. Street Fighter (Brazil 970625)
;mshvsfh;Marvel Super Heroes Vs. Street Fighter (Hispanic 970625)
;mshvsfj;Marvel Super Heroes Vs. Street Fighter (Japan 970707)
;mshvsfj1;Marvel Super Heroes Vs. Street Fighter (Japan 970702)
;mshvsfj2;Marvel Super Heroes Vs. Street Fighter (Japan 970625)
;mshvsfu;Marvel Super Heroes Vs. Street Fighter (USA 970827)
;mshvsfu1;Marvel Super Heroes Vs. Street Fighter (USA 970625)
;mslug;Metal Slug - Super Vehicle-001
;mslug2;Metal Slug 2 - Super Vehicle-001/II (NGM-2410 ~ NGH-2410)
;mslug3;Metal Slug 3 (NGM-2560)
;mslug3a;Metal Slug 3 (NGM-2560, earlier)
;mslug3h;Metal Slug 3 (NGH-2560)
;mslug4;Metal Slug 4 (NGM-2630)
;mslug4h;Metal Slug 4 (NGH-2630)
;mslug5;Metal Slug 5 (NGM-2680)
;mslug5h;Metal Slug 5 (NGH-2680)
;mslugx;Metal Slug X - Super Vehicle-001 (NGM-2500 ~ NGH-2500)
;mtlchamp;Martial Champion (ver EAB)
;mtlchamp1;Martial Champion (ver EAA)
;mtlchampa;Martial Champion (ver AAA)
;mtlchampj;Martial Champion (ver JAA)
;mtlchampu;Martial Champion (ver UAE)
;mtlchampu1;Martial Champion (ver UAD)
Clash of Super Heroes (Euro 980123);mvsc;Marvel Vs. Capcom
New Age of Heroes (Export, Korea, Rev A);mvsc2;Marvel Vs. Capcom 2
New Age of Heroes (USA, Rev A);mvsc2u;Marvel Vs. Capcom 2
Clash of Super Heroes (Asia 980123);mvsca;Marvel Vs. Capcom
Clash of Super Heroes (Asia 980112);mvscar1;Marvel Vs. Capcom
Clash of Super Heroes (Brazil 980123);mvscb;Marvel Vs. Capcom
Clash of Super Heroes (Hispanic 980123);mvsch;Marvel Vs. Capcom
Clash of Super Heroes (Japan 980123);mvscj;Marvel Vs. Capcom
Clash of Super Heroes (Japan 980112);mvscjr1;Marvel Vs. Capcom
Clash of Super Heroes (Japan 980123) (Single PCB);mvscjsing;Marvel Vs. Capcom
Clash of Super Heroes (Euro 980112);mvscr1;Marvel Vs. Capcom
Clash of Super Heroes (USA 980123);mvscu;Marvel Vs. Capcom
Clash of Super Heroes (USA 971222);mvscur1;Marvel Vs. Capcom
;ninjamas;'Ninja Master''s - Haoh-ninpo-cho'
'Darkstalkers'' Revenge (Euro 950316)';nwarr;Night Warriors
'Darkstalkers'' Revenge (Asia 950302)';nwarra;Night Warriors
'Darkstalkers'' Revenge (Brazil 950403)';nwarrb;Night Warriors
'Darkstalkers'' Revenge (Hispanic 950403)';nwarrh;Night Warriors
'Darkstalkers'' Revenge (USA 950406)';nwarru;Night Warriors
;pfghtj;Pocket Fighter (Japan 970904)
Strategic Variant Armor Equipment (Japan 941024);pgear;Powered Gear
Strategic Variant Armor Equipment (Japan 940916);pgearr1;Powered Gear
;plegends;Gogetsuji Legends (US, Ver. 95.06.20)
;plegendsj;Gouketsuji Gaiden - Saikyou Densetsu (Japan, Ver. 95.06.20)
Nightmare of Bilstein (USA 980316);plsmaswd;Plasma Sword
Nightmare of Bilstein (Asia 980316);plsmaswda;Plasma Sword
;powerins;Power Instinct (USA)
;powerinsj;Gouketsuji Ichizoku (Japan)
;powerinspj;Gouketsuji Ichizoku (Japan, prototype)
;powerinspu;Power Instinct (USA, prototype)
;primrag2;Primal Rage 2 (Ver 0.36a)
;primrage;Primal Rage (version 2.3)
;primrage20;Primal Rage (version 2.0)
;psoldier;Perfect Soldiers (Japan)
;pwrinst2;Power Instinct 2 (US, Ver. 94.04.08)
;pwrinst2j;Gouketsuji Ichizoku 2 (Japan, Ver. 94.04.08)
;ragnagrd;Ragnagard / Shin-Oh-Ken
;rbff1;Real Bout Fatal Fury / Real Bout Garou Densetsu (NGM-095 ~ NGH-095)
;rbff1a;Real Bout Fatal Fury / Real Bout Garou Densetsu (bug fix revision)
;rbff1k;Real Bout Fatal Fury / Real Bout Garou Densetsu (Korean release)
;rbff1ka;Real Bout Fatal Fury / Real Bout Garou Densetsu (Korean release, bug fix revision)
;rbff2;Real Bout Fatal Fury 2 - The Newcomers / Real Bout Garou Densetsu 2 - The Newcomers (NGM-2400)
;rbff2h;Real Bout Fatal Fury 2 - The Newcomers / Real Bout Garou Densetsu 2 - The Newcomers (NGH-2400)
;rbff2k;Real Bout Fatal Fury 2 - The Newcomers (Korean release)
;rbffspec;Real Bout Fatal Fury Special / Real Bout Garou Densetsu Special
;rbffspeck;Real Bout Fatal Fury Special / Real Bout Garou Densetsu Special (Korean release)
;rdft2;Raiden Fighters 2 - Operation Hell Dive (Germany)
;rdft22kc;Raiden Fighters 2 - Operation Hell Dive 2000 (China, SYS386I)
;rdft2a;Raiden Fighters 2 - Operation Hell Dive (Hong Kong)
;rdft2aa;Raiden Fighters 2 - Operation Hell Dive (Korea)
;rdft2it;Raiden Fighters 2 - Operation Hell Dive (Italy)
;rdft2j;Raiden Fighters 2 - Operation Hell Dive (Japan set 1)
;rdft2ja;Raiden Fighters 2 - Operation Hell Dive (Japan set 2)
;rdft2jb;Raiden Fighters 2 - Operation Hell Dive (Japan set 3)
;rdft2jc;Raiden Fighters 2 - Operation Hell Dive (Japan set 4)
;rdft2s;Raiden Fighters 2 - Operation Hell Dive (Switzerland)
;rdft2t;Raiden Fighters 2 - Operation Hell Dive (Taiwan)
;rdft2u;Raiden Fighters 2 - Operation Hell Dive (US)
;rdft2us;Raiden Fighters 2 - Operation Hell Dive (US, single board)
;redearth;Red Earth (Euro 961121)
;redearthr1;Red Earth (Euro 961023)
;rfjet;Raiden Fighters Jet (Germany)
;rfjet2kc;Raiden Fighters Jet 2000 (China, SYS386I)
;rfjeta;Raiden Fighters Jet (Korea)
;rfjetj;Raiden Fighters Jet (Japan)
;rfjets;Raiden Fighters Jet (US, single board)
;rfjetsa;Raiden Fighters Jet (US, single board, test version?)
;rfjett;Raiden Fighters Jet (Taiwan)
;rfjetu;Raiden Fighters Jet (US)
Slammasters II (Euro 940902);ringdest;Ring of Destruction
Slammasters II (Asia 940831);ringdesta;Ring of Destruction
Slammasters II (Brazil 940902);ringdestb;Ring of Destruction
Slammasters II (Hispanic 940902);ringdesth;Ring of Destruction
;rotd;Rage of the Dragons (NGM-2640?)
;rotdh;Rage of the Dragons (NGH-2640?)
United By Fate (Euro 971117);rvschool;Rival Schools
United By Fate (Asia 971117);rvschoola;Rival Schools
United By Fate (USA 971117);rvschoolu;Rival Schools
;s1945iii;Strikers 1945 III (World) / Strikers 1999 (Japan)
;s1945p;Strikers 1945 Plus
;sams64;Samurai Shodown 64 / Samurai Spirits 64
Warriors Rage / Samurai Spirits 2;sams64_2;Samurai Shodown 64
;samsh5sp;Samurai Shodown V Special / Samurai Spirits Zero Special (NGM-2720)
;samsh5sph;Samurai Shodown V Special / Samurai Spirits Zero Special (NGH-2720, 2nd release, less censored)
;samsh5spho;Samurai Shodown V Special / Samurai Spirits Zero Special (NGH-2720, 1st release, censored)
;samsho;Samurai Shodown / Samurai Spirits (NGM-045)
;samsho2;Samurai Shodown II / Shin Samurai Spirits - Haohmaru Jigokuhen (NGM-063 ~ NGH-063)
;samsho2k;Saulabi Spirits / Jin Saulabi Tu Hon (Korean release of Samurai Shodown II, set 1)
;samsho2ka;Saulabi Spirits / Jin Saulabi Tu Hon (Korean release of Samurai Shodown II, set 2)
;samsho3;Samurai Shodown III / Samurai Spirits - Zankurou Musouken (NGM-087)
;samsho3h;Samurai Shodown III / Samurai Spirits - Zankurou Musouken (NGH-087)
;samsho4;'Samurai Shodown IV - Amakusa''s Revenge / Samurai Spirits - Amakusa Kourin (NGM-222 ~ NGH-222)'
;samsho4k;Pae Wang Jeon Seol / Legend of a Warrior (Korean censored Samurai Shodown IV)
;samsho5;Samurai Shodown V / Samurai Spirits Zero (NGM-2700, set 1)
;samsho5a;Samurai Shodown V / Samurai Spirits Zero (NGM-2700, set 2)
;samsho5h;Samurai Shodown V / Samurai Spirits Zero (NGH-2700)
;samshoh;Samurai Shodown / Samurai Spirits (NGH-045)
;savagere;'Savage Reign / Fu''un Mokushiroku - Kakutou Sousei'
;schamp;Sonic Championship (USA)
;sdodgeb;Super Dodge Ball / Kunio no Nekketsu Toukyuu Densetsu
;sf;Street Fighter (US, set 1)
The World Warrior (World 910522);sf2;Street Fighter II
Champion Edition (World 920513);sf2ce;'Street Fighter II'''
Champion Edition (World 920313);sf2ceea;'Street Fighter II'''
Champion Edition (Japan 920322);sf2ceja;'Street Fighter II'''
Champion Edition (Japan 920513);sf2cejb;'Street Fighter II'''
Champion Edition (Japan 920803);sf2cejc;'Street Fighter II'''
Champion Edition (Taiwan 920313);sf2cet;'Street Fighter II'''
Champion Edition (USA 920313);sf2ceua;'Street Fighter II'''
Champion Edition (USA 920513);sf2ceub;'Street Fighter II'''
Champion Edition (USA 920803);sf2ceuc;'Street Fighter II'''
The World Warrior (World 910204);sf2ea;Street Fighter II
The World Warrior (World 910214);sf2eb;Street Fighter II
The World Warrior (World 910318);sf2ed;Street Fighter II
The World Warrior (World 910228);sf2ee;Street Fighter II
The World Warrior (World 910411);sf2ef;Street Fighter II
The World Warrior (World 910129);sf2em;Street Fighter II
The World Warrior (World 910204, conversion);sf2en;Street Fighter II
Hyper Fighting (World 921209);sf2hf;'Street Fighter II'''
Hyper Fighting (Japan 921209);sf2hfj;'Street Fighter II'' Turbo'
Hyper Fighting (USA 921209);sf2hfu;'Street Fighter II'''
The World Warrior (Japan 911210, CPS-B-13);sf2j;Street Fighter II
The World Warrior (Japan 911210, CPS-B-17);sf2j17;Street Fighter II
The World Warrior (Japan 910214);sf2ja;Street Fighter II
The World Warrior (Japan 910306);sf2jc;Street Fighter II
The World Warrior (Japan 910411);sf2jf;Street Fighter II
The World Warrior (Japan 910522);sf2jh;Street Fighter II
The World Warrior (Japan 920312);sf2jl;Street Fighter II
The World Warrior (USA 910206);sf2ua;Street Fighter II
The World Warrior (USA 910214);sf2ub;Street Fighter II
The World Warrior (USA 910306);sf2uc;Street Fighter II
The World Warrior (USA 910318);sf2ud;Street Fighter II
The World Warrior (USA 910228);sf2ue;Street Fighter II
The World Warrior (USA 910411);sf2uf;Street Fighter II
The World Warrior (USA 910522, Rev. G);sf2ug;Street Fighter II
The World Warrior (USA 910522, Rev. H);sf2uh;Street Fighter II
The World Warrior (USA 910522, Rev. I);sf2ui;Street Fighter II
The World Warrior (USA 911101);sf2uk;Street Fighter II
The World Warrior (USA 920312);sf2um;Street Fighter II
'Warriors'' Dreams (Euro 950727)';sfa;Street Fighter Alpha
;sfa2;Street Fighter Alpha 2 (Euro 960229)
;sfa2u;Street Fighter Alpha 2 (USA 960430)
;sfa2ur1;Street Fighter Alpha 2 (USA 960306)
;sfa3;Street Fighter Alpha 3 (Euro 980904)
;sfa3b;Street Fighter Alpha 3 (Brazil 980629)
;sfa3h;Street Fighter Alpha 3 (Hispanic 980904)
;sfa3hr1;Street Fighter Alpha 3 (Hispanic 980629)
;sfa3u;Street Fighter Alpha 3 (USA 980904)
;sfa3ur1;Street Fighter Alpha 3 (USA 980629)
;sfa3us;Street Fighter Alpha 3 (USA 980616, SAMPLE Version)
'Warriors'' Dreams (CPS Changer, Publicity USA 950727)';sfach;Street Fighter Alpha
;sfan;Street Fighter (World, pneumatic buttons)
'Warriors'' Dreams (Euro 950718)';sfar1;Street Fighter Alpha
'Warriors'' Dreams (Euro 950627)';sfar2;Street Fighter Alpha
'Warriors'' Dreams (Euro 950605)';sfar3;Street Fighter Alpha
'Warriors'' Dreams (USA 950627)';sfau;Street Fighter Alpha
;sfex;Street Fighter EX (Euro 961219)
;sfex2;Street Fighter EX2 (Euro 980312)
;sfex2a;Street Fighter EX2 (Asia 980312)
;sfex2h;Street Fighter EX2 (Hispanic 980312)
;sfex2j;Street Fighter EX2 (Japan 980312)
;sfex2p;Street Fighter EX2 Plus (Euro 990611)
;sfex2pa;Street Fighter EX2 Plus (Asia 990611)
;sfex2ph;Street Fighter EX2 Plus (Hispanic 990611)
;sfex2pj;Street Fighter EX2 Plus (Japan 990611)
;sfex2pu;Street Fighter EX2 Plus (USA 990611)
;sfex2u;Street Fighter EX2 (USA 980526)
;sfex2u1;Street Fighter EX2 (USA 980312)
;sfexa;Street Fighter EX (Asia 961219)
;sfexj;Street Fighter EX (Japan 961130)
;sfexp;Street Fighter EX Plus (USA 970407)
;sfexpj;Street Fighter EX Plus (Japan 970407)
;sfexpj1;Street Fighter EX Plus (Japan 970311)
;sfexpu1;Street Fighter EX Plus (USA 970311)
;sfexu;Street Fighter EX (USA 961219)
;sfight;Sonic the Fighters (Japan)
New Generation (Euro 970204);sfiii;Street Fighter III
Giant Attack (USA 970930);sfiii2;Street Fighter III 2nd Impact
Giant Attack (Japan 970930);sfiii2j;Street Fighter III 2nd Impact
Giant Attack (Asia 970930, NO CD);sfiii2n;Street Fighter III 2nd Impact
Fight for the Future (Euro 990608);sfiii3;Street Fighter III 3rd Strike
Fight for the Future (Japan 990608);sfiii3j;Street Fighter III 3rd Strike
Fight for the Future (Japan 990512);sfiii3jr1;Street Fighter III 3rd Strike
Fight for the Future (Japan 990608, NO CD);sfiii3n;Street Fighter III 3rd Strike
Fight for the Future (Japan 990512, NO CD);sfiii3nr1;Street Fighter III 3rd Strike
Fight for the Future (Euro 990512);sfiii3r1;Street Fighter III 3rd Strike
Fight for the Future (USA 990608);sfiii3u;Street Fighter III 3rd Strike
Fight for the Future (USA 990512);sfiii3ur1;Street Fighter III 3rd Strike
New Generation (Asia 970204);sfiiia;Street Fighter III
New Generation (Hispanic 970204);sfiiih;Street Fighter III
New Generation (Japan 970204);sfiiij;Street Fighter III
New Generation (Asia 970204, NO CD, bios set 1);sfiiin;Street Fighter III
New Generation (Asia 970204, NO CD, bios set 2);sfiiina;Street Fighter III
New Generation (USA 970204);sfiiiu;Street Fighter III
;sfj;Street Fighter (Japan) (protected)
;sfjan;Street Fighter (Japan, pneumatic buttons)
;sfp;Street Fighter (prototype)
The Movie (v1.12);sftm;Street Fighter
The Movie (v1.10);sftm110;Street Fighter
The Movie (v1.11);sftm111;Street Fighter
The Movie (v1.12N, Japan);sftmj112;Street Fighter
The Movie (v1.14N, Japan);sftmj114;Street Fighter
;sfua;Street Fighter (US, set 2) (protected)
;sfw;Street Fighter (World) (protected)
;sfz2a;Street Fighter Zero 2 (Asia 960227)
;sfz2al;Street Fighter Zero 2 Alpha (Asia 960826)
;sfz2alb;Street Fighter Zero 2 Alpha (Brazil 960813)
;sfz2alh;Street Fighter Zero 2 Alpha (Hispanic 960813)
;sfz2alj;Street Fighter Zero 2 Alpha (Japan 960805)
;sfz2alr1;Street Fighter Zero 2 Alpha (Asia 960805)
;sfz2b;Street Fighter Zero 2 (Brazil 960531)
;sfz2br1;Street Fighter Zero 2 (Brazil 960304)
;sfz2h;Street Fighter Zero 2 (Hispanic 960304)
;sfz2j;Street Fighter Zero 2 (Japan 960430)
;sfz2jr1;Street Fighter Zero 2 (Japan 960227)
;sfz2n;Street Fighter Zero 2 (Oceania 960229)
;sfz3a;Street Fighter Zero 3 (Asia 980904)
;sfz3ar1;Street Fighter Zero 3 (Asia 980701)
;sfz3j;Street Fighter Zero 3 (Japan 980904)
;sfz3jr1;Street Fighter Zero 3 (Japan 980727)
;sfz3jr2;Street Fighter Zero 3 (Japan 980629)
;sfza;Street Fighter Zero (Asia 950627)
;sfzar1;Street Fighter Zero (Asia 950605)
;sfzb;Street Fighter Zero (Brazil 951109)
;sfzbch;Street Fighter Zero (CPS Changer, Brazil 950727)
;sfzbr1;Street Fighter Zero (Brazil 950727)
;sfzch;Street Fighter Zero (CPS Changer, Japan 951020)
;sfzh;Street Fighter Zero (Hispanic 950718)
;sfzhr1;Street Fighter Zero (Hispanic 950627)
;sfzj;Street Fighter Zero (Japan 950727)
;sfzjr1;Street Fighter Zero (Japan 950627)
;sfzjr2;Street Fighter Zero (Japan 950605)
;sgemf;Super Gem Fighter Mini Mix (USA 970904)
Mini Mix (Asia 970904);sgemfa;Super Gem Fighter
Mini Mix (Hispanic 970904);sgemfh;Super Gem Fighter
;slammast;Saturday Night Slam Masters (World 930713)
;slammastu;Saturday Night Slam Masters (USA 930713)
The International Blowout (Japan 940831);smbomb;Super Muscle Bomber
The International Blowout (Japan 940808);smbombr1;Super Muscle Bomber
;sncwgltd;Sonic Wings Limited (Japan)
;sonicwi3;Aero Fighters 3 / Sonic Wings 3
;soulclbr;Soul Calibur (World, SOC14/VER.C)
;soulclbrja;Soul Calibur (Japan, SOC11/VER.A2)
;soulclbrjb;Soul Calibur (Japan, SOC11/VER.B)
;soulclbrjc;Soul Calibur (Japan, SOC11/VER.C)
;soulclbrub;Soul Calibur (US, SOC13/VER.B)
;soulclbruc;Soul Calibur (US, SOC13/VER.C)
;soulclbrwb;Soul Calibur (World, SOC14/VER.B)
;souledge;Soul Edge Ver. II (Asia, SO4/VER.C)
;souledgea;Soul Edge (World, SO2/VER.A)
;souledgeja;Soul Edge (Japan, SO1/VER.A)
;souledgeua;Soul Edge (US, SO3/VER.A)
;souledgeuc;Soul Edge Ver. II (US, SO3/VER.C)
The New Challengers (World 931005);ssf2;Super Street Fighter II
The New Challengers (Asia 931005);ssf2a;Super Street Fighter II
The New Challengers (Asia 930914);ssf2ar1;Super Street Fighter II
The New Challengers (Hispanic 930911);ssf2h;Super Street Fighter II
The New Challengers (Japan 931005);ssf2j;Super Street Fighter II
The New Challengers (Japan 930911);ssf2jr1;Super Street Fighter II
The New Challengers (Japan 930910);ssf2jr2;Super Street Fighter II
The New Challengers (World 930911);ssf2r1;Super Street Fighter II
;ssf2t;Super Street Fighter II Turbo (World 940223)
;ssf2ta;Super Street Fighter II Turbo (Asia 940223)
The Tournament Battle (World 931119);ssf2tb;Super Street Fighter II
The Tournament Battle (Asia 931005);ssf2tba;Super Street Fighter II
The Tournament Battle (Hispanic 931005);ssf2tbh;Super Street Fighter II
The Tournament Battle (Japan 931005);ssf2tbj;Super Street Fighter II
The Tournament Battle (Japan 930911);ssf2tbj1;Super Street Fighter II
The Tournament Battle (World 930911);ssf2tbr1;Super Street Fighter II
The Tournament Battle (USA 930911);ssf2tbu;Super Street Fighter II
;ssf2th;Super Street Fighter II Turbo (Hispanic 940223)
;ssf2tu;Super Street Fighter II Turbo (USA 940323)
;ssf2tur1;Super Street Fighter II Turbo (USA 940223)
The New Challengers (USA 930911);ssf2u;Super Street Fighter II
Grand Master Challenge (Japan 940311);ssf2xj;Super Street Fighter II X
Grand Master Challenge (Japan 940223);ssf2xjr1;Super Street Fighter II X
Grand Master Challenge (Japan 940223 rent version);ssf2xjr1r;Super Street Fighter II X
;ssoldier;Superior Soldiers (US)
Final Crusade (USA 960627);starglad;Star Gladiator Episode I
Final Crusade (Japan 960627);stargladj;Star Gladiator Episode I
Nightmare of Bilstein (Japan 980316);stargld2;Star Gladiator 2
;suikoenb;Suiko Enbu / Outlaws of the Lost Dynasty (JUETL 950314 V2.001)
;survarts;Survival Arts (World)
;survartsj;Survival Arts (Japan)
;survartsu;Survival Arts (USA)
;svc;SNK vs. Capcom - SVC Chaos (NGM-2690 ~ NGH-2690)
;svcpcb;SNK vs. Capcom - SVC Chaos (JAMMA PCB, set 1)
;svcpcba;SNK vs. Capcom - SVC Chaos (JAMMA PCB, set 2)
;svg;S.V.G. - Spectral vs Generation / Sheng Mo Shiji (M68k label V200) (ARM label V200, ROM 10/11/05 S.V.G V201)
;svghk;S.V.G. - Spectral vs Generation / Sheng Mo Shiji (M68k label V101HK) (ARM label V101HK, ROM 06/20/05 S.V.G V100)
;svgpcb;S.V.G. - Spectral vs Generation / Sheng Mo Shiji (M68k label V100JP) (ARM label V100JP, ROM 05/12/05 S.V.G V100) (Japan, JAMMA PCB)
;svgtw;S.V.G. - Spectral vs Generation / Sheng Mo Shiji (M68k label V101TW) (ARM label V101TW, ROM 06/20/05 S.V.G V100)
;tattass;Tattoo Assassins (US prototype, Mar 14 1995)
;tattassa;Tattoo Assassins (Asia prototype, Mar 14 1995)
;tekken;Tekken (World, TE2/VER.C)
;tekken2;Tekken 2 Ver.B (US, TES3/VER.D)
;tekken2a;Tekken 2 (World, TES2/VER.A)
;tekken2b;Tekken 2 Ver.B (World, TES2/VER.B)
;tekken2jb;Tekken 2 Ver.B (Japan, TES1/VER.B)
;tekken2jc;Tekken 2 Ver.B (Japan, TES1/VER.C)
;tekken2ub;Tekken 2 Ver.B (US, TES3/VER.B)
;tekken3;Tekken 3 (World, TET2/VER.E1)
;tekken3a;Tekken 3 (World, TET2/VER.A)
;tekken3b;Tekken 3 (World, TET2/VER.B)
;tekken3d;Tekken 3 (World, TET2/VER.D)
;tekken3ja;Tekken 3 (Japan, TET1/VER.A)
;tekken3je1;Tekken 3 (Japan, TET1/VER.E1)
;tekken3ua;Tekken 3 (US, TET3/VER.A)
;tekken3ud;Tekken 3 (US, TET3/VER.D)
;tekkenac;Tekken (Asia, TE4/VER.C)
;tekkenb;Tekken (World, TE2/VER.B)
;tekkenjb;Tekken (Japan, TE1/VER.B)
;tektagt;Tekken Tag Tournament (World, TEG2/VER.C1, set 1)
;tektagtc1;Tekken Tag Tournament (World, TEG2/VER.C1, set 2)
;tektagtja;Tekken Tag Tournament (Japan, TEG1/VER.A3)
;tektagtjb;Tekken Tag Tournament (Japan, TEG1/VER.B)
;tektagtjc1;Tekken Tag Tournament (Japan, TEG1/VER.C1)
;tektagtub;Tekken Tag Tournament (US, TEG3/VER.B)
;tektagtuc1;Tekken Tag Tournament (US, TEG3/VER.C1)
;timekill;Time Killers (v1.32)
;timekill100;Time Killers (v1.00)
;timekill120;Time Killers (v1.20, alternate ROM board)
;timekill121;Time Killers (v1.21)
;timekill121a;Time Killers (v1.21, alternate ROM board)
;timekill131;Time Killers (v1.31)
;timekill132i;Time Killers (v1.32I)
;tkdensho;Toukidenshou - Angel Eyes (VER. 960614)
;tkdenshoa;Toukidenshou - Angel Eyes (VER. 960427)
;tophuntr;Top Hunter - Roddy & Cathy (NGM-046)
;tophuntrh;Top Hunter - Roddy & Cathy (NGH-046)
;ts2;Battle Arena Toshinden 2 (Euro 951124)
;ts2j;Battle Arena Toshinden 2 (Japan 951124)
;ts2ja;Battle Arena Toshinden 2 (Japan 951124, 32Mb mask ROMs)
;ts2u;Battle Arena Toshinden 2 (USA 951124)
;ts2ua;Battle Arena Toshinden 2 (USA 951124, 32Mb mask ROMs)
;umk3;Ultimate Mortal Kombat 3 (rev 1.2)
;umk3r10;Ultimate Mortal Kombat 3 (rev 1.0)
;umk3r11;Ultimate Mortal Kombat 3 (rev 1.1)
The Night Warriors (Japan 940705);vampj;Vampire
The Night Warriors (Japan 940705 alt);vampja;Vampire
The Night Warriors (Japan 940630);vampjr1;Vampire
;vf;Virtua Fighter
;vf2;Virtua Fighter 2 (Version 2.1)
;vf2a;Virtua Fighter 2 (Revision A)
;vf2b;Virtua Fighter 2 (Revision B)
;vf2o;Virtua Fighter 2
Darkstalkers Revenge (Japan 970929);vhunt2;Vampire Hunter 2
Darkstalkers Revenge (Japan 970913);vhunt2r1;Vampire Hunter 2
'Darkstalkers'' Revenge (Japan 950316)';vhuntj;Vampire Hunter
'Darkstalkers'' Revenge (Japan 950307)';vhuntjr1;Vampire Hunter
'Darkstalkers'' Revenge (Japan 950307 stop version)';vhuntjr1s;Vampire Hunter
'Darkstalkers'' Revenge (Japan 950302)';vhuntjr2;Vampire Hunter
The Lord of Vampire (Euro 970519);vsav;Vampire Savior
The Lord of Vampire (Japan 970913);vsav2;Vampire Savior 2
The Lord of Vampire (Asia 970519);vsava;Vampire Savior
The Lord of Vampire (Brazil 970519);vsavb;Vampire Savior
The Lord of Vampire (Hispanic 970519);vsavh;Vampire Savior
The Lord of Vampire (Japan 970519);vsavj;Vampire Savior
The Lord of Vampire (USA 970519);vsavu;Vampire Savior
;wakuwak7;Waku Waku 7
;wargods;War Gods (HD 10/09/1996 - Dual Resolution)
;wargodsa;War Gods (HD 08/15/1996)
;wargodsb;War Gods (HD 12/11/1995)
;warzard;Warzard (Japan 961121)
;warzardr1;Warzard (Japan 961023)
;wh1;World Heroes (ALM-005)
;wh1h;World Heroes (ALH-005)
;wh1ha;World Heroes (set 3)
;wh2;World Heroes 2 (ALM-006 ~ ALH-006)
;wh2h;World Heroes 2 (ALH-006)
;wh2j;World Heroes 2 Jet (ADM-007 ~ ADH-007)
;whp;World Heroes Perfect
;wof;Warriors of Fate (World 921031)
;wofa;Sangokushi II (Asia 921005)
Sekiheki no Tatakai (CPS Changer, Japan 921031);wofch;Tenchi wo Kurau II
Sekiheki no Tatakai (Japan 921031);wofj;Tenchi wo Kurau II
;wofr1;Warriors of Fate (World 921002)
;wofu;Warriors of Fate (USA 921031)
Children of the Atom (Euro 950331);xmcota;X-Men
Children of the Atom (Asia 950105);xmcotaa;X-Men
Children of the Atom (Asia 941219);xmcotaar1;X-Men
Children of the Atom (Asia 941217);xmcotaar2;X-Men
Children of the Atom (Brazil 950331);xmcotab;X-Men
Children of the Atom (Hispanic 950331);xmcotah;X-Men
Children of the Atom (Hispanic 950105);xmcotahr1;X-Men
Children of the Atom (Japan 950105);xmcotaj;X-Men
Children of the Atom (Japan 941222);xmcotaj1;X-Men
Children of the Atom (Japan 941219);xmcotaj2;X-Men
Children of the Atom (Japan 941217);xmcotaj3;X-Men
Children of the Atom (Japan 941208 rent version);xmcotajr;X-Men
Children of the Atom (Euro 950105);xmcotar1;X-Men
Children of the Atom (USA 950105);xmcotau;X-Men
;xmvsf;X-Men Vs. Street Fighter (Euro 961004)
;xmvsfa;X-Men Vs. Street Fighter (Asia 961023)
;xmvsfar1;X-Men Vs. Street Fighter (Asia 961004)
;xmvsfar2;X-Men Vs. Street Fighter (Asia 960919)
;xmvsfar3;X-Men Vs. Street Fighter (Asia 960910)
;xmvsfb;X-Men Vs. Street Fighter (Brazil 961023)
;xmvsfh;X-Men Vs. Street Fighter (Hispanic 961004)
;xmvsfj;X-Men Vs. Street Fighter (Japan 961023)
;xmvsfjr1;X-Men Vs. Street Fighter (Japan 961004)
;xmvsfjr2;X-Men Vs. Street Fighter (Japan 960910)
;xmvsfjr3;X-Men Vs. Street Fighter (Japan 960909)
;xmvsfr1;X-Men Vs. Street Fighter (Euro 960910)
;xmvsfu;X-Men Vs. Street Fighter (USA 961023)
;xmvsfur1;X-Men Vs. Street Fighter (USA 961004)
;xmvsfur2;X-Men Vs. Street Fighter (USA 960910)
